"DATE","count"
2015-01-01,68
2015-01-02,80
2015-01-03,90
2015-01-04,51
2015-01-05,103
2015-01-06,85
2015-01-07,79
2015-01-08,98
2015-01-09,73
2015-01-10,69
2015-01-11,79
2015-01-12,103
2015-01-13,92
2015-01-14,82
2015-01-15,92
2015-01-16,97
2015-01-17,63
2015-01-18,76
2015-01-19,104
2015-01-20,104
2015-01-21,81
2015-01-22,109
2015-01-23,98
2015-01-24,82
2015-01-25,79
2015-01-26,87
2015-01-27,80
2015-01-28,96
2015-01-29,119
2015-01-30,87
2015-01-31,64
2015-02-01,66
2015-02-02,69
2015-02-03,91
2015-02-04,103
2015-02-05,94
2015-02-06,104
2015-02-07,103
2015-02-08,74
2015-02-09,91
2015-02-10,94
2015-02-11,106
2015-02-12,94
2015-02-13,101
2015-02-14,68
2015-02-15,64
2015-02-16,103
2015-02-17,107
2015-02-18,95
2015-02-19,76
2015-02-20,81
2015-02-21,92
2015-02-22,77
2015-02-23,76
2015-02-24,86
2015-02-25,82
2015-02-26,84
2015-02-27,79
2015-02-28,58
2015-03-01,67
2015-03-02,106
2015-03-03,77
2015-03-04,105
2015-03-05,83
2015-03-06,82
2015-03-07,85
2015-03-08,67
2015-03-09,97
2015-03-10,87
2015-03-11,101
2015-03-12,112
2015-03-13,92
2015-03-14,100
2015-03-15,87
2015-03-16,108
2015-03-17,120
2015-03-18,107
2015-03-19,79
2015-03-20,109
2015-03-21,91
2015-03-22,90
2015-03-23,100
2015-03-24,84
2015-03-25,101
2015-03-26,95
2015-03-27,88
2015-03-28,67
2015-03-29,86
2015-03-30,98
2015-03-31,96
2015-04-01,102
2015-04-02,80
2015-04-03,101
2015-04-04,58
2015-04-05,66
2015-04-06,100
2015-04-07,99
2015-04-08,102
2015-04-09,120
2015-04-10,87
2015-04-11,86
2015-04-12,87
2015-04-13,129
2015-04-14,106
2015-04-15,99
2015-04-16,85
2015-04-17,92
2015-04-18,97
2015-04-19,82
2015-04-20,116
2015-04-21,96
2015-04-22,80
2015-04-23,124
2015-04-24,83
2015-04-25,80
2015-04-26,95
2015-04-27,99
2015-04-28,97
2015-04-29,83
2015-04-30,101
2015-05-01,112
2015-05-02,73
2015-05-03,97
2015-05-04,101
2015-05-05,99
2015-05-06,100
2015-05-07,94
2015-05-08,106
2015-05-09,84
2015-05-10,73
2015-05-11,105
2015-05-12,114
2015-05-13,101
2015-05-14,120
2015-05-15,72
2015-05-16,90
2015-05-17,101
2015-05-18,76
2015-05-19,127
2015-05-20,114
2015-05-21,91
2015-05-22,122
2015-05-23,66
2015-05-24,90
2015-05-25,137
2015-05-26,130
2015-05-27,116
2015-05-28,110
2015-05-29,98
2015-05-30,80
2015-05-31,97
2015-06-01,116
2015-06-02,103
2015-06-03,96
2015-06-04,88
2015-06-05,100
2015-06-06,78
2015-06-07,81
2015-06-08,100
2015-06-09,105
2015-06-10,125
2015-06-11,98
2015-06-12,104
2015-06-13,100
2015-06-14,71
2015-06-15,120
2015-06-16,86
2015-06-17,123
2015-06-18,90
2015-06-19,82
2015-06-20,82
2015-06-21,95
2015-06-22,106
2015-06-23,100
2015-06-24,100
2015-06-25,119
2015-06-26,80
2015-06-27,85
2015-06-28,74
2015-06-29,100
2015-06-30,76
2015-07-01,90
2015-07-02,95
2015-07-03,82
2015-07-04,73
2015-07-05,89
2015-07-06,109
2015-07-07,101
2015-07-08,97
2015-07-09,82
2015-07-10,119
2015-07-11,110
2015-07-12,79
2015-07-13,100
2015-07-14,116
2015-07-15,97
2015-07-16,100
2015-07-17,97
2015-07-18,84
2015-07-19,89
2015-07-20,124
2015-07-21,102
2015-07-22,114
2015-07-23,92
2015-07-24,76
2015-07-25,72
2015-07-26,93
2015-07-27,84
2015-07-28,89
2015-07-29,105
2015-07-30,109
2015-07-31,93
2015-08-01,55
2015-08-02,72
2015-08-03,112
2015-08-04,107
2015-08-05,102
2015-08-06,103
2015-08-07,96
2015-08-08,93
2015-08-09,84
2015-08-10,112
2015-08-11,112
2015-08-12,74
2015-08-13,105
2015-08-14,97
2015-08-15,89
2015-08-16,81
2015-08-17,121
2015-08-18,116
2015-08-19,108
2015-08-20,136
2015-08-21,97
2015-08-22,89
2015-08-23,106
2015-08-24,119
2015-08-25,124
2015-08-26,116
2015-08-27,99
2015-08-28,93
2015-08-29,83
2015-08-30,96
2015-08-31,107
2015-09-01,100
2015-09-02,97
2015-09-03,92
2015-09-04,110
2015-09-05,81
2015-09-06,85
2015-09-07,99
2015-09-08,111
2015-09-09,116
2015-09-10,106
2015-09-11,99
2015-09-12,90
2015-09-13,96
2015-09-14,109
2015-09-15,109
2015-09-16,107
2015-09-17,110
2015-09-18,105
2015-09-19,102
2015-09-20,120
2015-09-21,110
2015-09-22,119
2015-09-23,114
2015-09-24,74
2015-09-25,95
2015-09-26,113
2015-09-27,81
2015-09-28,146
2015-09-29,101
2015-09-30,114
2015-10-01,109
2015-10-02,96
2015-10-03,98
2015-10-04,94
2015-10-05,117
2015-10-06,108
2015-10-07,107
2015-10-08,94
2015-10-09,102
2015-10-10,102
2015-10-11,99
2015-10-12,122
2015-10-13,148
2015-10-14,133
2015-10-15,116
2015-10-16,135
2015-10-17,114
2015-10-18,81
2015-10-19,115
2015-10-20,102
2015-10-21,132
2015-10-22,108
2015-10-23,108
2015-10-24,110
2015-10-25,96
2015-10-26,105
2015-10-27,106
2015-10-28,98
2015-10-29,75
2015-10-30,95
2015-10-31,91
2015-11-01,94
2015-11-02,134
2015-11-03,107
2015-11-04,136
2015-11-05,106
2015-11-06,113
2015-11-07,110
2015-11-08,112
2015-11-09,126
2015-11-10,87
2015-11-11,124
2015-11-12,112
2015-11-13,130
2015-11-14,112
2015-11-15,106
2015-11-16,102
2015-11-17,84
2015-11-18,101
2015-11-19,98
2015-11-20,104
2015-11-21,69
2015-11-22,93
2015-11-23,117
2015-11-24,117
2015-11-25,118
2015-11-26,85
2015-11-27,98
2015-11-28,94
2015-11-29,79
2015-11-30,104
2015-12-01,81
2015-12-02,91
2015-12-03,88
2015-12-04,117
2015-12-05,108
2015-12-06,91
2015-12-07,153
2015-12-08,109
2015-12-09,141
2015-12-10,109
2015-12-11,115
2015-12-12,123
2015-12-13,93
2015-12-14,124
2015-12-15,108
2015-12-16,111
2015-12-17,124
2015-12-18,110
2015-12-19,134
2015-12-20,77
2015-12-21,119
2015-12-22,120
2015-12-23,117
2015-12-24,81
2015-12-25,69
2015-12-26,89
2015-12-27,73
2015-12-28,96
2015-12-29,62
2015-12-30,71
2015-12-31,74
2016-01-01,62
2016-01-02,65
2016-01-03,85
2016-01-04,69
2016-01-05,86
2016-01-06,94
2016-01-07,94
2016-01-08,94
2016-01-09,84
2016-01-10,74
2016-01-11,115
2016-01-12,97
2016-01-13,94
2016-01-14,91
2016-01-15,96
2016-01-16,78
2016-01-17,74
2016-01-18,61
2016-01-19,75
2016-01-20,66
2016-01-21,103
2016-01-22,90
2016-01-23,86
2016-01-24,69
2016-01-25,116
2016-01-26,102
2016-01-27,96
2016-01-28,99
2016-01-29,89
2016-01-30,70
2016-01-31,67
2016-02-01,106
2016-02-02,84
2016-02-03,88
2016-02-04,78
2016-02-05,80
2016-02-06,60
2016-02-07,69
2016-02-08,80
2016-02-09,66
2016-02-10,75
2016-02-11,77
2016-02-12,93
2016-02-13,61
2016-02-14,44
2016-02-15,91
2016-02-16,74
2016-02-17,85
2016-02-18,72
2016-02-19,84
2016-02-20,64
2016-02-21,83
2016-02-22,112
2016-02-23,76
2016-02-24,71
2016-02-25,63
2016-02-26,84
2016-02-27,77
2016-02-28,57
2016-02-29,83
2016-03-01,61
2016-03-02,74
2016-03-03,65
2016-03-04,74
2016-03-05,69
2016-03-06,65
2016-03-07,102
2016-03-08,83
2016-03-09,76
2016-03-10,97
2016-03-11,85
2016-03-12,66
2016-03-13,98
2016-03-14,120
2016-03-15,100
2016-03-16,106
2016-03-17,96
2016-03-18,69
2016-03-19,84
2016-03-20,71
2016-03-21,90
2016-03-22,87
2016-03-23,97
2016-03-24,99
2016-03-25,66
2016-03-26,84
2016-03-27,91
2016-03-28,90
2016-03-29,122
2016-03-30,87
2016-03-31,88
2016-04-01,93
2016-04-02,78
2016-04-03,82
2016-04-04,81
2016-04-05,66
2016-04-06,92
2016-04-07,97
2016-04-08,85
2016-04-09,78
2016-04-10,68
2016-04-11,101
2016-04-12,95
2016-04-13,91
2016-04-14,81
2016-04-15,93
2016-04-16,78
2016-04-17,72
2016-04-18,111
2016-04-19,104
2016-04-20,89
2016-04-21,106
2016-04-22,108
2016-04-23,101
2016-04-24,74
2016-04-25,109
2016-04-26,102
2016-04-27,98
2016-04-28,85
2016-04-29,81
2016-04-30,61
2016-05-01,72
2016-05-02,76
2016-05-03,101
2016-05-04,92
2016-05-05,104
2016-05-06,101
2016-05-07,94
2016-05-08,90
2016-05-09,102
2016-05-10,98
2016-05-11,92
2016-05-12,87
2016-05-13,95
2016-05-14,78
2016-05-15,91
2016-05-16,94
2016-05-17,82
2016-05-18,110
2016-05-19,83
2016-05-20,85
2016-05-21,82
2016-05-22,81
2016-05-23,87
2016-05-24,96
2016-05-25,79
2016-05-26,83
2016-05-27,91
2016-05-28,69
2016-05-29,75
2016-05-30,115
2016-05-31,87
2016-06-01,82
2016-06-02,75
2016-06-03,101
2016-06-04,72
2016-06-05,85
2016-06-06,98
2016-06-07,92
2016-06-08,129
2016-06-09,94
2016-06-10,92
2016-06-11,92
2016-06-12,93
2016-06-13,119
2016-06-14,95
2016-06-15,94
2016-06-16,102
2016-06-17,108
2016-06-18,104
2016-06-19,87
2016-06-20,129
2016-06-21,93
2016-06-22,105
2016-06-23,92
2016-06-24,66
2016-06-25,71
2016-06-26,104
2016-06-27,108
2016-06-28,103
2016-06-29,102
2016-06-30,96
2016-07-01,98
2016-07-02,89
2016-07-03,95
2016-07-04,137
2016-07-05,121
2016-07-06,106
2016-07-07,119
2016-07-08,105
2016-07-09,80
2016-07-10,95
2016-07-11,129
2016-07-12,101
2016-07-13,108
2016-07-14,106
2016-07-15,106
2016-07-16,69
2016-07-17,95
2016-07-18,114
2016-07-19,106
2016-07-20,98
2016-07-21,99
2016-07-22,90
2016-07-23,80
2016-07-24,80
2016-07-25,100
2016-07-26,81
2016-07-27,97
2016-07-28,88
2016-07-29,94
2016-07-30,58
2016-07-31,91
2016-08-01,83
2016-08-02,72
2016-08-03,89
2016-08-04,108
2016-08-05,91
2016-08-06,73
2016-08-07,83
2016-08-08,110
2016-08-09,86
2016-08-10,103
2016-08-11,110
2016-08-12,93
2016-08-13,111
2016-08-14,104
2016-08-15,126
2016-08-16,96
2016-08-17,140
2016-08-18,96
2016-08-19,112
2016-08-20,80
2016-08-21,109
2016-08-22,126
2016-08-23,108
2016-08-24,109
2016-08-25,97
2016-08-26,104
2016-08-27,102
2016-08-28,94
2016-08-29,122
2016-08-30,107
2016-08-31,107
2016-09-01,97
2016-09-02,99
2016-09-03,82
2016-09-04,80
2016-09-05,87
2016-09-06,127
2016-09-07,87
2016-09-08,110
2016-09-09,89
2016-09-10,94
2016-09-11,92
2016-09-12,103
2016-09-13,105
2016-09-14,98
2016-09-15,93
2016-09-16,105
2016-09-17,84
2016-09-18,87
2016-09-19,120
2016-09-20,88
2016-09-21,100
2016-09-22,120
2016-09-23,107
2016-09-24,102
2016-09-25,78
2016-09-26,109
2016-09-27,129
2016-09-28,99
2016-09-29,89
2016-09-30,86
2016-10-01,68
2016-10-02,87
2016-10-03,99
2016-10-04,118
2016-10-05,111
2016-10-06,100
2016-10-07,98
2016-10-08,101
2016-10-09,119
2016-10-10,119
2016-10-11,96
2016-10-12,92
2016-10-13,101
2016-10-14,102
2016-10-15,94
2016-10-16,112
2016-10-17,129
2016-10-18,103
2016-10-19,105
2016-10-20,126
2016-10-21,105
2016-10-22,83
2016-10-23,77
2016-10-24,119
2016-10-25,104
2016-10-26,110
2016-10-27,97
2016-10-28,92
2016-10-29,93
2016-10-30,103
2016-10-31,107
2016-11-01,93
2016-11-02,100
2016-11-03,111
2016-11-04,112
2016-11-05,80
2016-11-06,99
2016-11-07,105
2016-11-08,96
2016-11-09,103
2016-11-10,90
2016-11-11,89
2016-11-12,102
2016-11-13,84
2016-11-14,117
2016-11-15,108
2016-11-16,90
2016-11-17,103
2016-11-18,90
2016-11-19,82
2016-11-20,85
2016-11-21,69
2016-11-22,80
2016-11-23,95
2016-11-24,85
2016-11-25,93
2016-11-26,101
2016-11-27,103
2016-11-28,119
2016-11-29,101
2016-11-30,114
2016-12-01,93
2016-12-02,86
2016-12-03,97
2016-12-04,106
2016-12-05,106
2016-12-06,82
2016-12-07,116
2016-12-08,117
2016-12-09,102
2016-12-10,83
2016-12-11,86
2016-12-12,85
2016-12-13,97
2016-12-14,118
2016-12-15,89
2016-12-16,97
2016-12-17,79
2016-12-18,74
2016-12-19,98
2016-12-20,82
2016-12-21,96
2016-12-22,71
2016-12-23,81
2016-12-24,82
2016-12-25,56
2016-12-26,58
2016-12-27,94
2016-12-28,88
2016-12-29,65
2016-12-30,61
2016-12-31,56
2017-01-01,77
2017-01-02,88
2017-01-03,87
2017-01-04,62
2017-01-05,93
2017-01-06,68
2017-01-07,80
2017-01-08,69
2017-01-09,87
2017-01-10,77
2017-01-11,81
2017-01-12,94
2017-01-13,108
2017-01-14,78
2017-01-15,78
2017-01-16,86
2017-01-17,111
2017-01-18,90
2017-01-19,103
2017-01-20,101
2017-01-21,88
2017-01-22,76
2017-01-23,95
2017-01-24,93
2017-01-25,79
2017-01-26,87
2017-01-27,92
2017-01-28,108
2017-01-29,71
2017-01-30,97
2017-01-31,45
2017-02-01,77
2017-02-02,68
2017-02-03,96
2017-02-04,55
2017-02-05,81
2017-02-06,66
2017-02-07,74
2017-02-08,80
2017-02-09,87
2017-02-10,72
2017-02-11,75
2017-02-12,73
2017-02-13,64
2017-02-14,72
2017-02-15,73
2017-02-16,70
2017-02-17,91
2017-02-18,79
2017-02-19,77
2017-02-20,107
2017-02-21,84
2017-02-22,86
2017-02-23,100
2017-02-24,121
2017-02-25,81
2017-02-26,88
2017-02-27,113
2017-02-28,68
2017-03-01,73
2017-03-02,80
2017-03-03,73
2017-03-04,42
2017-03-05,60
2017-03-06,83
2017-03-07,87
2017-03-08,104
2017-03-09,103
2017-03-10,105
2017-03-11,85
2017-03-12,74
2017-03-13,70
2017-03-14,76
2017-03-15,57
2017-03-16,54
2017-03-17,88
2017-03-18,82
2017-03-19,65
2017-03-20,121
2017-03-21,88
2017-03-22,95
2017-03-23,105
2017-03-24,82
2017-03-25,78
2017-03-26,76
2017-03-27,110
2017-03-28,107
2017-03-29,113
2017-03-30,85
2017-03-31,89
2017-04-01,76
2017-04-02,85
2017-04-03,99
2017-04-04,101
2017-04-05,101
2017-04-06,86
2017-04-07,81
2017-04-08,73
2017-04-09,78
2017-04-10,97
2017-04-11,101
2017-04-12,92
2017-04-13,96
2017-04-14,94
2017-04-15,87
2017-04-16,67
2017-04-17,97
2017-04-18,98
2017-04-19,67
2017-04-20,111
2017-04-21,110
2017-04-22,97
2017-04-23,63
2017-04-24,84
2017-04-25,89
2017-04-26,92
2017-04-27,116
2017-04-28,79
2017-04-29,72
2017-04-30,67
2017-05-01,91
2017-05-02,78
2017-05-03,86
2017-05-04,98
2017-05-05,71
2017-05-06,74
2017-05-07,73
2017-05-08,86
2017-05-09,74
2017-05-10,89
2017-05-11,79
2017-05-12,89
2017-05-13,90
2017-05-14,75
2017-05-15,82
2017-05-16,85
2017-05-17,88
2017-05-18,89
2017-05-19,97
2017-05-20,86
2017-05-21,87
2017-05-22,76
2017-05-23,89
2017-05-24,94
2017-05-25,93
2017-05-26,84
2017-05-27,78
2017-05-28,67
2017-05-29,114
2017-05-30,84
2017-05-31,99
2017-06-01,88
2017-06-02,86
2017-06-03,88
2017-06-04,73
2017-06-05,100
2017-06-06,108
2017-06-07,115
2017-06-08,88
2017-06-09,101
2017-06-10,72
2017-06-11,91
2017-06-12,108
2017-06-13,102
2017-06-14,107
2017-06-15,108
2017-06-16,99
2017-06-17,83
2017-06-18,89
2017-06-19,104
2017-06-20,104
2017-06-21,109
2017-06-22,79
2017-06-23,101
2017-06-24,75
2017-06-25,60
2017-06-26,83
2017-06-27,87
2017-06-28,99
2017-06-29,99
2017-06-30,93
2017-07-01,84
2017-07-02,94
2017-07-03,104
2017-07-04,105
2017-07-05,102
2017-07-06,86
2017-07-07,87
2017-07-08,70
2017-07-09,99
2017-07-10,104
2017-07-11,119
2017-07-12,113
2017-07-13,85
2017-07-14,76
2017-07-15,81
2017-07-16,77
2017-07-17,119
2017-07-18,113
2017-07-19,97
2017-07-20,103
2017-07-21,124
2017-07-22,76
2017-07-23,80
2017-07-24,103
2017-07-25,104
2017-07-26,109
2017-07-27,97
2017-07-28,76
2017-07-29,73
2017-07-30,86
2017-07-31,93
2017-08-01,81
2017-08-02,81
2017-08-03,81
2017-08-04,93
2017-08-05,67
2017-08-06,90
2017-08-07,123
2017-08-08,100
2017-08-09,121
2017-08-10,112
2017-08-11,92
2017-08-12,80
2017-08-13,110
2017-08-14,136
2017-08-15,106
2017-08-16,99
2017-08-17,108
2017-08-18,100
2017-08-19,87
2017-08-20,102
2017-08-21,120
2017-08-22,112
2017-08-23,135
2017-08-24,125
2017-08-25,99
2017-08-26,70
2017-08-27,84
2017-08-28,134
2017-08-29,115
2017-08-30,88
2017-08-31,86
2017-09-01,87
2017-09-02,55
2017-09-03,73
2017-09-04,107
2017-09-05,152
2017-09-06,66
2017-09-07,103
2017-09-08,84
2017-09-09,76
2017-09-10,101
2017-09-11,105
2017-09-12,109
2017-09-13,91
2017-09-14,98
2017-09-15,89
2017-09-16,75
2017-09-17,78
2017-09-18,113
2017-09-19,92
2017-09-20,111
2017-09-21,104
2017-09-22,92
2017-09-23,77
2017-09-24,81
2017-09-25,106
2017-09-26,113
2017-09-27,103
2017-09-28,89
2017-09-29,76
2017-09-30,69
2017-10-01,86
2017-10-02,78
2017-10-03,81
2017-10-04,116
2017-10-05,96
2017-10-06,107
2017-10-07,81
2017-10-08,64
2017-10-09,93
2017-10-10,112
2017-10-11,115
2017-10-12,103
2017-10-13,89
2017-10-14,78
2017-10-15,98
2017-10-16,105
2017-10-17,90
2017-10-18,113
2017-10-19,101
2017-10-20,83
2017-10-21,88
2017-10-22,112
2017-10-23,99
2017-10-24,107
2017-10-25,102
2017-10-26,81
2017-10-27,119
2017-10-28,92
2017-10-29,96
2017-10-30,114
2017-10-31,119
2017-11-01,98
2017-11-02,95
2017-11-03,105
2017-11-04,79
2017-11-05,75
2017-11-06,95
2017-11-07,90
2017-11-08,114
2017-11-09,101
2017-11-10,90
2017-11-11,116
2017-11-12,97
2017-11-13,106
2017-11-14,93
2017-11-15,99
2017-11-16,93
2017-11-17,97
2017-11-18,72
2017-11-19,96
2017-11-20,100
2017-11-21,103
2017-11-22,104
2017-11-23,101
2017-11-24,107
2017-11-25,80
2017-11-26,72
2017-11-27,115
2017-11-28,100
2017-11-29,89
2017-11-30,87
2017-12-01,84
2017-12-02,85
2017-12-03,71
2017-12-04,125
2017-12-05,118
2017-12-06,82
2017-12-07,91
2017-12-08,112
2017-12-09,88
2017-12-10,68
2017-12-11,94
2017-12-12,62
2017-12-13,81
2017-12-14,81
2017-12-15,94
2017-12-16,64
2017-12-17,79
2017-12-18,79
2017-12-19,71
2017-12-20,70
2017-12-21,66
2017-12-22,79
2017-12-23,63
2017-12-24,51
2017-12-25,40
2017-12-26,44
2017-12-27,52
2017-12-28,44
2017-12-29,44
2017-12-30,63
2017-12-31,44
2018-01-01,49
2018-01-02,65
2018-01-03,62
2018-01-04,75
2018-01-05,44
2018-01-06,49
2018-01-07,47
2018-01-08,75
2018-01-09,73
2018-01-10,70
2018-01-11,108
2018-01-12,80
2018-01-13,38
2018-01-14,50
2018-01-15,67
2018-01-16,90
2018-01-17,79
2018-01-18,92
2018-01-19,88
2018-01-20,62
2018-01-21,60
2018-01-22,80
2018-01-23,63
2018-01-24,64
2018-01-25,86
2018-01-26,80
2018-01-27,59
2018-01-28,52
2018-01-29,78
2018-01-30,75
2018-01-31,72
2018-02-01,64
2018-02-02,67
2018-02-03,76
2018-02-04,52
2018-02-05,75
2018-02-06,68
2018-02-07,76
2018-02-08,79
2018-02-09,80
2018-02-10,68
2018-02-11,71
2018-02-12,78
2018-02-13,81
2018-02-14,76
2018-02-15,90
2018-02-16,76
2018-02-17,55
2018-02-18,74
2018-02-19,95
2018-02-20,88
2018-02-21,80
2018-02-22,99
2018-02-23,104
2018-02-24,75
2018-02-25,73
2018-02-26,106
2018-02-27,85
2018-02-28,75
2018-03-01,74
2018-03-02,77
2018-03-03,62
2018-03-04,65
2018-03-05,84
2018-03-06,81
2018-03-07,92
2018-03-08,63
2018-03-09,87
2018-03-10,64
2018-03-11,45
2018-03-12,90
2018-03-13,77
2018-03-14,74
2018-03-15,87
2018-03-16,71
2018-03-17,52
2018-03-18,70
2018-03-19,104
2018-03-20,87
2018-03-21,78
2018-03-22,75
2018-03-23,85
2018-03-24,65
2018-03-25,71
2018-03-26,99
2018-03-27,60
2018-03-28,70
2018-03-29,84
2018-03-30,69
2018-03-31,49
2018-04-01,62
2018-04-02,74
2018-04-03,83
2018-04-04,82
2018-04-05,80
2018-04-06,95
2018-04-07,70
2018-04-08,69
2018-04-09,88
2018-04-10,77
2018-04-11,93
2018-04-12,97
2018-04-13,100
2018-04-14,52
2018-04-15,45
2018-04-16,70
2018-04-17,78
2018-04-18,85
2018-04-19,61
2018-04-20,90
2018-04-21,61
2018-04-22,49
2018-04-23,87
2018-04-24,53
2018-04-25,82
2018-04-26,82
2018-04-27,98
2018-04-28,60
2018-04-29,54
2018-04-30,77
2018-05-01,67
2018-05-02,70
2018-05-03,58
2018-05-04,76
2018-05-05,77
2018-05-06,67
2018-05-07,99
2018-05-08,70
2018-05-09,95
2018-05-10,83
2018-05-11,67
2018-05-12,59
2018-05-13,57
2018-05-14,77
2018-05-15,65
2018-05-16,78
2018-05-17,91
2018-05-18,91
2018-05-19,65
2018-05-20,63
2018-05-21,75
2018-05-22,78
2018-05-23,84
2018-05-24,88
2018-05-25,98
2018-05-26,72
2018-05-27,79
2018-05-28,102
2018-05-29,98
2018-05-30,82
2018-05-31,79
2018-06-01,75
2018-06-02,45
2018-06-03,57
2018-06-04,81
2018-06-05,65
2018-06-06,83
2018-06-07,88
2018-06-08,75
2018-06-09,72
2018-06-10,84
2018-06-11,92
2018-06-12,78
2018-06-13,78
2018-06-14,72
2018-06-15,59
2018-06-16,66
2018-06-17,75
2018-06-18,84
2018-06-19,93
2018-06-20,88
2018-06-21,74
2018-06-22,85
2018-06-23,69
2018-06-24,64
2018-06-25,73
2018-06-26,94
2018-06-27,98
2018-06-28,64
2018-06-29,58
2018-06-30,67
2018-07-01,38
2018-07-02,59
2018-07-03,89
2018-07-04,77
2018-07-05,75
2018-07-06,93
2018-07-07,61
2018-07-08,62
2018-07-09,97
2018-07-10,76
2018-07-11,91
2018-07-12,86
2018-07-13,91
2018-07-14,80
2018-07-15,80
2018-07-16,83
2018-07-17,108
2018-07-18,87
2018-07-19,84
2018-07-20,70
2018-07-21,57
2018-07-22,68
2018-07-23,112
2018-07-24,90
2018-07-25,96
2018-07-26,86
2018-07-27,90
2018-07-28,81
2018-07-29,79
2018-07-30,98
2018-07-31,89
2018-08-01,72
2018-08-02,88
2018-08-03,82
2018-08-04,61
2018-08-05,74
2018-08-06,102
2018-08-07,91
2018-08-08,92
2018-08-09,86
2018-08-10,74
2018-08-11,67
2018-08-12,78
2018-08-13,92
2018-08-14,93
2018-08-15,96
2018-08-16,96
2018-08-17,85
2018-08-18,81
2018-08-19,72
2018-08-20,100
2018-08-21,86
2018-08-22,101
2018-08-23,93
2018-08-24,93
2018-08-25,87
2018-08-26,70
2018-08-27,116
2018-08-28,81
2018-08-29,97
2018-08-30,90
2018-08-31,76
2018-09-01,89
2018-09-02,69
2018-09-03,75
2018-09-04,114
2018-09-05,88
2018-09-06,100
2018-09-07,97
2018-09-08,74
2018-09-09,75
2018-09-10,92
2018-09-11,70
2018-09-12,84
2018-09-13,82
2018-09-14,83
2018-09-15,74
2018-09-16,89
2018-09-17,95
2018-09-18,79
2018-09-19,94
2018-09-20,89
2018-09-21,80
2018-09-22,72
2018-09-23,103
2018-09-24,90
2018-09-25,89
2018-09-26,117
2018-09-27,84
2018-09-28,79
2018-09-29,54
2018-09-30,70
2018-10-01,107
2018-10-02,70
2018-10-03,80
2018-10-04,79
2018-10-05,84
2018-10-06,85
2018-10-07,67
2018-10-08,80
2018-10-09,98
2018-10-10,94
2018-10-11,84
2018-10-12,91
2018-10-13,56
2018-10-14,59
2018-10-15,100
2018-10-16,77
2018-10-17,86
2018-10-18,91
2018-10-19,79
2018-10-20,69
2018-10-21,79
2018-10-22,78
2018-10-23,78
2018-10-24,89
2018-10-25,83
2018-10-26,84
2018-10-27,63
2018-10-28,61
2018-10-29,120
2018-10-30,78
2018-10-31,83
2018-11-01,110
2018-11-02,96
2018-11-03,62
2018-11-04,87
2018-11-05,94
2018-11-06,78
2018-11-07,104
2018-11-08,84
2018-11-09,93
2018-11-10,55
2018-11-11,81
2018-11-12,93
2018-11-13,97
2018-11-14,66
2018-11-15,78
2018-11-16,87
2018-11-17,67
2018-11-18,66
2018-11-19,93
2018-11-20,85
2018-11-21,55
2018-11-22,101
2018-11-23,70
2018-11-24,63
2018-11-25,53
2018-11-26,92
2018-11-27,60
2018-11-28,80
2018-11-29,68
2018-11-30,74
2018-12-01,75
2018-12-02,64
2018-12-03,97
2018-12-04,78
2018-12-05,68
2018-12-06,75
2018-12-07,74
2018-12-08,67
2018-12-09,62
2018-12-10,77
2018-12-11,75
2018-12-12,85
2018-12-13,79
2018-12-14,85
2018-12-15,66
2018-12-16,67
2018-12-17,81
2018-12-18,71
2018-12-19,89
2018-12-20,78
2018-12-21,83
2018-12-22,70
2018-12-23,67
2018-12-24,50
2018-12-25,33
2018-12-26,58
2018-12-27,79
2018-12-28,51
2018-12-29,48
2018-12-30,55
2018-12-31,51
2019-01-01,44
2019-01-02,58
2019-01-03,62
2019-01-04,61
2019-01-05,56
2019-01-06,57
2019-01-07,62
2019-01-08,82
2019-01-09,64
2019-01-10,72
2019-01-11,63
2019-01-12,56
2019-01-13,50
2019-01-14,81
2019-01-15,68
2019-01-16,81
2019-01-17,68
2019-01-18,64
2019-01-19,60
2019-01-20,37
2019-01-21,50
2019-01-22,59
2019-01-23,44
2019-01-24,55
2019-01-25,48
2019-01-26,43
2019-01-27,35
2019-01-28,81
2019-01-29,54
2019-01-30,54
2019-01-31,70
2019-02-01,59
2019-02-02,49
2019-02-03,50
2019-02-04,68
2019-02-05,67
2019-02-06,68
2019-02-07,78
2019-02-08,89
2019-02-09,64
2019-02-10,77
2019-02-11,60
2019-02-12,85
2019-02-13,58
2019-02-14,62
2019-02-15,63
2019-02-16,47
2019-02-17,71
2019-02-18,63
2019-02-19,71
2019-02-20,75
2019-02-21,59
2019-02-22,79
2019-02-23,66
2019-02-24,68
2019-02-25,70
2019-02-26,61
2019-02-27,74
2019-02-28,53
2019-03-01,48
2019-03-02,58
2019-03-03,60
2019-03-04,72
2019-03-05,63
2019-03-06,67
2019-03-07,56
2019-03-08,74
2019-03-09,69
2019-03-10,34
2019-03-11,58
2019-03-12,68
2019-03-13,91
2019-03-14,79
2019-03-15,93
2019-03-16,55
2019-03-17,63
2019-03-18,71
2019-03-19,74
2019-03-20,85
2019-03-21,87
2019-03-22,76
2019-03-23,80
2019-03-24,70
2019-03-25,86
2019-03-26,76
2019-03-27,68
2019-03-28,78
2019-03-29,91
2019-03-30,59
2019-03-31,70
2019-04-01,78
2019-04-02,87
2019-04-03,70
2019-04-04,77
2019-04-05,78
2019-04-06,78
2019-04-07,83
2019-04-08,99
2019-04-09,69
2019-04-10,66
2019-04-11,74
2019-04-12,76
2019-04-13,76
2019-04-14,71
2019-04-15,102
2019-04-16,89
2019-04-17,92
2019-04-18,72
2019-04-19,67
2019-04-20,79
2019-04-21,72
2019-04-22,95
2019-04-23,87
2019-04-24,89
2019-04-25,75
2019-04-26,72
2019-04-27,60
2019-04-28,68
2019-04-29,77
2019-04-30,76
2019-05-01,78
2019-05-02,75
2019-05-03,72
2019-05-04,77
2019-05-05,63
2019-05-06,71
2019-05-07,60
2019-05-08,65
2019-05-09,77
2019-05-10,76
2019-05-11,84
2019-05-12,67
2019-05-13,101
2019-05-14,72
2019-05-15,67
2019-05-16,70
2019-05-17,78
2019-05-18,76
2019-05-19,72
2019-05-20,69
2019-05-21,81
2019-05-22,96
2019-05-23,70
2019-05-24,81
2019-05-25,73
2019-05-26,67
2019-05-27,103
2019-05-28,81
2019-05-29,76
2019-05-30,64
2019-05-31,82
2019-06-01,66
2019-06-02,53
2019-06-03,91
2019-06-04,70
2019-06-05,79
2019-06-06,76
2019-06-07,77
2019-06-08,66
2019-06-09,63
2019-06-10,94
2019-06-11,82
2019-06-12,90
2019-06-13,57
2019-06-14,92
2019-06-15,75
2019-06-16,61
2019-06-17,102
2019-06-18,84
2019-06-19,91
2019-06-20,90
2019-06-21,71
2019-06-22,74
2019-06-23,63
2019-06-24,76
2019-06-25,100
2019-06-26,81
2019-06-27,65
2019-06-28,66
2019-06-29,50
2019-06-30,60
2019-07-01,64
2019-07-02,73
2019-07-03,68
2019-07-04,90
2019-07-05,73
2019-07-06,54
2019-07-07,56
2019-07-08,74
2019-07-09,74
2019-07-10,82
2019-07-11,72
2019-07-12,73
2019-07-13,51
2019-07-14,69
2019-07-15,91
2019-07-16,81
2019-07-17,74
2019-07-18,83
2019-07-19,68
2019-07-20,78
2019-07-21,57
2019-07-22,98
2019-07-23,81
2019-07-24,91
2019-07-25,66
2019-07-26,91
2019-07-27,52
2019-07-28,61
2019-07-29,94
2019-07-30,109
2019-07-31,65
2019-08-01,67
2019-08-02,66
2019-08-03,46
2019-08-04,57
2019-08-05,77
2019-08-06,75
2019-08-07,79
2019-08-08,60
2019-08-09,75
2019-08-10,61
2019-08-11,61
2019-08-12,81
2019-08-13,65
2019-08-14,88
2019-08-15,83
2019-08-16,69
2019-08-17,81
2019-08-18,76
2019-08-19,83
2019-08-20,71
2019-08-21,78
2019-08-22,74
2019-08-23,84
2019-08-24,87
2019-08-25,77
2019-08-26,101
2019-08-27,64
2019-08-28,59
2019-08-29,73
2019-08-30,63
2019-08-31,74
2019-09-01,63
2019-09-02,81
2019-09-03,87
2019-09-04,84
2019-09-05,78
2019-09-06,79
2019-09-07,77
2019-09-08,72
2019-09-09,80
2019-09-10,76
2019-09-11,110
2019-09-12,64
2019-09-13,100
2019-09-14,72
2019-09-15,110
2019-09-16,105
2019-09-17,96
2019-09-18,84
2019-09-19,88
2019-09-20,83
2019-09-21,88
2019-09-22,94
2019-09-23,106
2019-09-24,80
2019-09-25,85
2019-09-26,82
2019-09-27,104
2019-09-28,100
2019-09-29,89
2019-09-30,86
2019-10-01,84
2019-10-02,64
2019-10-03,75
2019-10-04,85
2019-10-05,61
2019-10-06,95
2019-10-07,109
2019-10-08,84
2019-10-09,78
2019-10-10,81
2019-10-11,80
2019-10-12,72
2019-10-13,73
2019-10-14,78
2019-10-15,84
2019-10-16,97
2019-10-17,82
2019-10-18,86
2019-10-19,81
2019-10-20,60
2019-10-21,99
2019-10-22,104
2019-10-23,96
2019-10-24,101
2019-10-25,94
2019-10-26,75
2019-10-27,64
2019-10-28,103
2019-10-29,95
2019-10-30,92
2019-10-31,87
2019-11-01,82
2019-11-02,51
2019-11-03,96
2019-11-04,102
2019-11-05,81
2019-11-06,101
2019-11-07,86
2019-11-08,89
2019-11-09,81
2019-11-10,79
2019-11-11,101
2019-11-12,61
2019-11-13,67
2019-11-14,69
2019-11-15,88
2019-11-16,71
2019-11-17,45
2019-11-18,74
2019-11-19,63
2019-11-20,99
2019-11-21,77
2019-11-22,99
2019-11-23,91
2019-11-24,93
2019-11-25,99
2019-11-26,94
2019-11-27,70
2019-11-28,87
2019-11-29,66
2019-11-30,40
2019-12-01,71
2019-12-02,78
2019-12-03,71
2019-12-04,67
2019-12-05,77
2019-12-06,70
2019-12-07,51
2019-12-08,59
2019-12-09,137
2019-12-10,85
2019-12-11,76
2019-12-12,81
2019-12-13,73
2019-12-14,75
2019-12-15,76
2019-12-16,86
2019-12-17,74
2019-12-18,57
2019-12-19,52
2019-12-20,61
2019-12-21,51
2019-12-22,60
2019-12-23,67
2019-12-24,58
2019-12-25,44
2019-12-26,61
2019-12-27,56
2019-12-28,76
2019-12-29,68
2019-12-30,59
2019-12-31,51
2020-01-01,49
2020-01-02,62
2020-01-03,70
2020-01-04,76
2020-01-05,61
2020-01-06,80
2020-01-07,72
2020-01-08,66
2020-01-09,72
2020-01-10,95
2020-01-11,69
2020-01-12,48
2020-01-13,72
2020-01-14,77
2020-01-15,88
2020-01-16,63
2020-01-17,54
2020-01-18,63
2020-01-19,42
2020-01-20,72
2020-01-21,74
2020-01-22,80
2020-01-23,65
2020-01-24,95
2020-01-25,55
2020-01-26,71
2020-01-27,111
2020-01-28,96
2020-01-29,78
2020-01-30,77
2020-01-31,83
2020-02-01,52
2020-02-02,75
2020-02-03,90
2020-02-04,58
2020-02-05,77
2020-02-06,66
2020-02-07,75
2020-02-08,42
2020-02-09,60
2020-02-10,80
2020-02-11,72
2020-02-12,71
2020-02-13,78
2020-02-14,66
2020-02-15,78
2020-02-16,84
2020-02-17,80
2020-02-18,75
2020-02-19,95
2020-02-20,79
2020-02-21,83
2020-02-22,76
2020-02-23,70
2020-02-24,100
2020-02-25,83
2020-02-26,82
2020-02-27,66
2020-02-28,84
2020-02-29,60
2020-03-01,51
2020-03-02,82
2020-03-03,89
2020-03-04,77
2020-03-05,74
2020-03-06,67
2020-03-07,77
2020-03-08,74
2020-03-09,96
2020-03-10,67
2020-03-11,79
2020-03-12,77
2020-03-13,79
2020-03-14,80
2020-03-15,83
2020-03-16,94
2020-03-17,88
2020-03-18,90
2020-03-19,84
2020-03-20,60
2020-03-21,54
2020-03-22,55
2020-03-23,71
2020-03-24,58
2020-03-25,58
2020-03-26,64
2020-03-27,58
2020-03-28,55
2020-03-29,41
2020-03-30,53
2020-03-31,45
2020-04-01,53
2020-04-02,46
2020-04-03,45
2020-04-04,55
2020-04-05,60
2020-04-06,77
2020-04-07,52
2020-04-08,43
2020-04-09,48
2020-04-10,41
2020-04-11,40
2020-04-12,45
2020-04-13,49
2020-04-14,60
2020-04-15,63
2020-04-16,58
2020-04-17,53
2020-04-18,46
2020-04-19,43
2020-04-20,69
2020-04-21,66
2020-04-22,47
2020-04-23,29
2020-04-24,61
2020-04-25,43
2020-04-26,48
2020-04-27,68
2020-04-28,54
2020-04-29,42
2020-04-30,61
2020-05-01,35
2020-05-02,42
2020-05-03,49
2020-05-04,64
2020-05-05,55
2020-05-06,70
2020-05-07,48
2020-05-08,47
2020-05-09,34
2020-05-10,41
2020-05-11,64
2020-05-12,54
2020-05-13,62
2020-05-14,48
2020-05-15,32
2020-05-16,44
2020-05-17,41
2020-05-18,46
2020-05-19,68
2020-05-20,66
2020-05-21,67
2020-05-22,49
2020-05-23,42
2020-05-24,40
2020-05-25,83
2020-05-26,66
2020-05-27,63
2020-05-28,67
2020-05-29,63
2020-05-30,59
2020-05-31,111
2020-06-01,87
2020-06-02,63
2020-06-03,58
2020-06-04,63
2020-06-05,51
2020-06-06,43
2020-06-07,59
2020-06-08,68
2020-06-09,64
2020-06-10,80
2020-06-11,76
2020-06-12,55
2020-06-13,55
2020-06-14,42
2020-06-15,66
2020-06-16,67
2020-06-17,70
2020-06-18,62
2020-06-19,74
2020-06-20,58
2020-06-21,52
2020-06-22,68
2020-06-23,65
2020-06-24,81
2020-06-25,94
2020-06-26,69
2020-06-27,72
2020-06-28,71
2020-06-29,99
2020-06-30,72
2020-07-01,62
2020-07-02,77
2020-07-03,63
2020-07-04,44
2020-07-05,53
2020-07-06,66
2020-07-07,79
2020-07-08,81
2020-07-09,62
2020-07-10,58
2020-07-11,70
2020-07-12,58
2020-07-13,66
2020-07-14,73
2020-07-15,51
2020-07-16,58
2020-07-17,63
2020-07-18,46
2020-07-19,40
2020-07-20,76
2020-07-21,95
2020-07-22,57
2020-07-23,66
2020-07-24,53
2020-07-25,48
2020-07-26,63
2020-07-27,76
2020-07-28,76
2020-07-29,87
2020-07-30,63
2020-07-31,58
2020-08-01,56
2020-08-02,60
2020-08-03,85
2020-08-04,78
2020-08-05,52
2020-08-06,64
2020-08-07,57
2020-08-08,47
2020-08-09,66
2020-08-10,59
2020-08-11,82
2020-08-12,91
2020-08-13,83
2020-08-14,79
2020-08-15,69
2020-08-16,66
2020-08-17,79
2020-08-18,63
2020-08-19,101
2020-08-20,79
2020-08-21,76
2020-08-22,80
2020-08-23,61
2020-08-24,87
2020-08-25,84
2020-08-26,85
2020-08-27,118
2020-08-28,84
2020-08-29,56
2020-08-30,60
2020-08-31,74
2020-09-01,80
2020-09-02,81
2020-09-03,91
2020-09-04,98
2020-09-05,68
2020-09-06,79
2020-09-07,71
2020-09-08,85
2020-09-09,80
2020-09-10,64
2020-09-11,78
2020-09-12,64
2020-09-13,66
2020-09-14,79
2020-09-15,81
2020-09-16,86
2020-09-17,84
2020-09-18,80
2020-09-19,89
2020-09-20,49
2020-09-21,101
2020-09-22,68
2020-09-23,86
2020-09-24,95
2020-09-25,73
2020-09-26,69
2020-09-27,87
2020-09-28,85
2020-09-29,101
2020-09-30,82
2020-10-01,86
2020-10-02,63
2020-10-03,67
2020-10-04,53
2020-10-05,102
2020-10-06,84
2020-10-07,80
2020-10-08,97
2020-10-09,95
2020-10-10,71
2020-10-11,69
2020-10-12,84
2020-10-13,110
2020-10-14,90
2020-10-15,85
2020-10-16,99
2020-10-17,72
2020-10-18,66
2020-10-19,138
2020-10-20,118
2020-10-21,95
2020-10-22,88
2020-10-23,111
2020-10-24,92
2020-10-25,73
2020-10-26,89
2020-10-27,94
2020-10-28,102
2020-10-29,95
2020-10-30,58
2020-10-31,60
2020-11-01,62
2020-11-02,72
2020-11-03,66
2020-11-04,74
2020-11-05,72
2020-11-06,76
2020-11-07,74
2020-11-08,62
2020-11-09,79
2020-11-10,107
2020-11-11,110
2020-11-12,94
2020-11-13,70
2020-11-14,66
2020-11-15,69
2020-11-16,93
2020-11-17,74
2020-11-18,88
2020-11-19,74
2020-11-20,66
2020-11-21,61
2020-11-22,63
2020-11-23,85
2020-11-24,80
2020-11-25,68
2020-11-26,74
2020-11-27,80
2020-11-28,74
2020-11-29,72
2020-11-30,90
2020-12-01,74
2020-12-02,60
2020-12-03,78
2020-12-04,74
2020-12-05,75
2020-12-06,58
2020-12-07,72
2020-12-08,67
2020-12-09,39
2020-12-10,67
2020-12-11,58
2020-12-12,68
2020-12-13,61
2020-12-14,101
2020-12-15,73
2020-12-16,74
2020-12-17,71
2020-12-18,61
2020-12-19,51
2020-12-20,50
2020-12-21,75
2020-12-22,58
2020-12-23,63
2020-12-24,46
2020-12-25,34
2020-12-26,43
2020-12-27,47
2020-12-28,70
2020-12-29,70
2020-12-30,63
2020-12-31,47
2021-01-01,59
2021-01-02,58
2021-01-03,51
2021-01-04,90
2021-01-05,54
2021-01-06,63
2021-01-07,68
2021-01-08,72
2021-01-09,51
2021-01-10,43
2021-01-11,50
2021-01-12,46
2021-01-13,48
2021-01-14,53
2021-01-15,38
2021-01-16,39
2021-01-17,27
2021-01-18,53
2021-01-19,49
2021-01-20,61
2021-01-21,50
2021-01-22,42
2021-01-23,35
2021-01-24,37
2021-01-25,59
2021-01-26,43
2021-01-27,45
2021-01-28,37
2021-01-29,44
2021-01-30,36
2021-01-31,42
2021-02-01,46
2021-02-02,43
2021-02-03,29
2021-02-04,54
2021-02-05,69
2021-02-06,34
2021-02-07,38
2021-02-08,66
2021-02-09,46
2021-02-10,51
2021-02-11,41
2021-02-12,44
2021-02-13,42
2021-02-14,38
2021-02-15,49
2021-02-16,35
2021-02-17,54
2021-02-18,60
2021-02-19,40
2021-02-20,43
2021-02-21,56
2021-02-22,71
2021-02-23,54
2021-02-24,55
2021-02-25,50
2021-02-26,51
2021-02-27,35
2021-02-28,45
2021-03-01,49
2021-03-02,52
2021-03-03,70
2021-03-04,37
2021-03-05,52
2021-03-06,30
2021-03-07,36
2021-03-08,78
2021-03-09,55
2021-03-10,60
2021-03-11,50
2021-03-12,56
2021-03-13,49
2021-03-14,53
2021-03-15,68
2021-03-16,69
2021-03-17,52
2021-03-18,71
2021-03-19,51
2021-03-20,43
2021-03-21,42
2021-03-22,56
2021-03-23,71
2021-03-24,57
2021-03-25,70
2021-03-26,70
2021-03-27,47
2021-03-28,47
2021-03-29,94
2021-03-30,79
2021-03-31,101
2021-04-01,60
2021-04-02,63
2021-04-03,55
2021-04-04,31
2021-04-05,64
2021-04-06,82
2021-04-07,61
2021-04-08,74
2021-04-09,75
2021-04-10,55
2021-04-11,83
2021-04-12,90
2021-04-13,70
2021-04-14,62
2021-04-15,55
2021-04-16,51
2021-04-17,41
2021-04-18,40
2021-04-19,56
2021-04-20,66
2021-04-21,62
2021-04-22,58
2021-04-23,79
2021-04-24,55
2021-04-25,51
2021-04-26,70
2021-04-27,58
2021-04-28,64
2021-04-29,64
2021-04-30,63
2021-05-01,45
2021-05-02,55
2021-05-03,75
2021-05-04,75
2021-05-05,79
2021-05-06,61
2021-05-07,60
2021-05-08,49
2021-05-09,49
2021-05-10,76
2021-05-11,80
2021-05-12,71
2021-05-13,58
2021-05-14,68
2021-05-15,46
2021-05-16,60
2021-05-17,71
2021-05-18,73
2021-05-19,86
2021-05-20,81
2021-05-21,62
2021-05-22,53
2021-05-23,41
2021-05-24,56
2021-05-25,80
2021-05-26,75
2021-05-27,68
2021-05-28,80
2021-05-29,61
2021-05-30,55
2021-05-31,76
